model_name,validation_accuracy,validation_precision,validation_recall,validation_f1,validation_roc_auc,validation_specificity,test_accuracy,test_precision,test_recall,test_f1,test_roc_auc,test_specificity
lightgbm,0.8724760892667375,0.6929392446633826,0.788785046728972,0.7377622377622378,0.9157549267891347,0.897111416781293,0.9221479004087699,0.6707818930041153,0.8681757656458056,0.7568195008705746,0.9539972759274973,0.9309004534657741
logistic_regression_balanced,0.8707757704569606,0.6752655538694993,0.8317757009345794,0.7453936348408711,0.9253611693169985,0.8822558459422284,0.9180602006688964,0.6572008113590264,0.8628495339547271,0.7461139896373057,0.9545231708617978,0.927013603973224
gradient_boosting,0.8926673751328374,0.7816550348953141,0.7327102803738318,0.7563917028461168,0.9288194989008728,0.9397524071526823,0.9377554812337421,0.7687338501291989,0.7922769640479361,0.780327868852459,0.9558668051034525,0.9613474411574174
hist_gradient_boosting,0.8888416578108396,0.7668292682926829,0.7345794392523365,0.7503579952267303,0.9180170718224943,0.9342503438789546,0.936826458565589,0.7672301690507152,0.7856191744340879,0.7763157894736842,0.9553456544372853,0.9613474411574174
xgboost,0.8909670563230606,0.7738446411012783,0.7355140186915888,0.7541926209870627,0.9227870264433273,0.936726272352132,0.9373838721664809,0.776,0.7749667110519307,0.7754830113257828,0.9591857800770066,0.9637227380695315
mlp,0.8809776833156217,0.7602040816326531,0.6962616822429907,0.7268292682926829,0.9165087608787875,0.9353507565337001,0.9334819769602378,0.7602649006622516,0.7643142476697736,0.7622841965471447,0.9546784378188903,0.9609155689915785
random_forest_balanced,0.8928799149840595,0.8208616780045351,0.6766355140186916,0.7418032786885246,0.9190899741608711,0.9565337001375516,0.9349684132292828,0.7780859916782247,0.7470039946737683,0.7622282608695652,0.9515552717301138,0.965450226732887
dummy_most_frequent,0.7725823591923485,0.0,0.0,0.0,0.5,1.0,0.8604607952434039,0.0,0.0,0.0,0.5,1.0
